<?xml version="1.0" encoding="UTF-8"?>
<project-private xmlns="http://www.netbeans.org/ns/project-private/1">
    <editor-bookmarks xmlns="http://www.netbeans.org/ns/editor-bookmarks/2" lastBookmarkId="0"/>
    <open-files xmlns="http://www.netbeans.org/ns/projectui-open-files/2">
        <group>
            <file>file:/C:/xampp/htdocs/project1/includes/db_connect.php</file>
            <file>file:/C:/xampp/htdocs/project1/text1.php</file>
            <file>file:/C:/xampp/htdocs/project1/mockquestion.php</file>
            <file>file:/C:/xampp/htdocs/project1/includes/functions.php</file>
            <file>file:/C:/xampp/htdocs/project1/Index.php</file>
            <file>file:/C:/xampp/htdocs/project1/includes/process_login.php</file>
            <file>file:/C:/xampp/htdocs/project1/includes/logout.php</file>
            <file>file:/C:/xampp/htdocs/project1/includes/register.inc.php</file>
            <file>file:/C:/xampp/htdocs/project1/includes/Menu.php</file>
        </group>
    </open-files>
</project-private>
